{
  "mae": 0.08549593310059908,
  "spearman": 0.7348557181715688
}